"","State","Year","Total_Ag_Emissions_In_MilsMecTon"
"1","Alaska",1990,0.0301464967023127
"2","Alabama",1990,6.27646968025558
"3","Arkansas",1990,16.2555110575522
"4","Arizona",1990,7.4261427583359
"5","California",1990,28.8271787029508
"6","Colorado",1990,13.9954719648495
"7","Connecticut",1990,0.38549187123091
"8","Delaware",1990,0.448728906919547
"9","Florida",1990,10.5825674603059
"10","Georgia",1990,6.55979023886117
"11","Hawaii",1990,0.603804207910003
"12","Iowa",1990,34.9869384220322
"13","Idaho",1990,7.95255814184095
"14","Illinois",1990,25.2360163229724
"15","Indiana",1990,15.0057646289713
"16","Kansas",1990,25.2447971764703
"17","Kentucky",1990,9.93406302444675
"18","Louisiana",1990,9.2180792382721
"19","Massachusetts",1990,0.432351035065882
"20","Maryland",1990,1.88929238944856
"21","Maine",1990,0.608969052330009
"22","Michigan",1990,9.08266432051584
"23","Minnesota",1990,24.5470674945756
"24","Missouri",1990,22.1198320234383
"25","Mississippi",1990,7.84999952510776
"26","Montana",1990,15.5360414123499
"27","North Carolina",1990,7.30580608298521
"28","North Dakota",1990,13.4981517517445
"29","Nebraska",1990,27.5718318175655
"30","New Hampshire",1990,0.234312799060273
"31","New Jersey",1990,0.550240197750548
"32","New Mexico",1990,9.6040335495356
"33","Nevada",1990,2.2641178308234
"34","New York",1990,8.12936939318895
"35","Ohio",1990,13.2370313145928
"36","Oklahoma",1990,16.7511385853773
"37","Oregon",1990,6.69990736104575
"38","Pennsylvania",1990,8.57830726454024
"39","Rhode Island",1990,0.0432429591509528
"40","South Carolina",1990,2.72869527003144
"41","South Dakota",1990,17.4963585788563
"42","Tennessee",1990,8.14398705547677
"43","Texas",1990,60.2732924272417
"44","Utah",1990,4.19052110589934
"45","Virginia",1990,5.9975749536212
"46","Vermont",1990,1.37331533933271
"47","Washington",1990,7.80586427866469
"48","Wisconsin",1990,20.0393973925316
"49","West Virginia",1990,1.53503311272819
"50","Wyoming",1990,7.42542230827887
"51","Alaska",1991,0.0284486217370599
"52","Alabama",1991,6.2665283956746
"53","Arkansas",1991,17.5679340700709
"54","Arizona",1991,6.57184788950168
"55","California",1991,27.3532528448798
"56","Colorado",1991,13.6535919787548
"57","Connecticut",1991,0.371116697761525
"58","Delaware",1991,0.3884191848672
"59","Florida",1991,10.5801485521307
"60","Georgia",1991,6.86996006536669
"61","Hawaii",1991,0.635078646976464
"62","Iowa",1991,34.5654795404351
"63","Idaho",1991,8.18928566137364
"64","Illinois",1991,22.1959066557335
"65","Indiana",1991,13.0251130735794
"66","Kansas",1991,24.1782606459147
"67","Kentucky",1991,9.83290329267836
"68","Louisiana",1991,9.21842984710234
"69","Massachusetts",1991,0.41851872653335
"70","Maryland",1991,1.89724246838153
"71","Maine",1991,0.590756628547791
"72","Michigan",1991,8.84821480882287
"73","Minnesota",1991,23.8658585595564
"74","Missouri",1991,20.6272958339215
"75","Mississippi",1991,7.87770441867026
"76","Montana",1991,15.9552312274571
"77","North Carolina",1991,7.67955617949265
"78","North Dakota",1991,13.2477139479906
"79","Nebraska",1991,29.2993818888641
"80","New Hampshire",1991,0.231523136100313
"81","New Jersey",1991,0.563065684747113
"82","New Mexico",1991,10.0102014567311
"83","Nevada",1991,2.30374125499706
"84","New York",1991,7.83447464766672
"85","Ohio",1991,11.1830192268842
"86","Oklahoma",1991,17.7789206491566
"87","Oregon",1991,6.56696128211854
"88","Pennsylvania",1991,8.23839778299075
"89","Rhode Island",1991,0.0443449530720415
"90","South Carolina",1991,2.66665557514047
"91","South Dakota",1991,17.5315014667448
"92","Tennessee",1991,8.01612824830478
"93","Texas",1991,62.3191447262242
"94","Utah",1991,4.23003568260264
"95","Virginia",1991,6.08788106630332
"96","Vermont",1991,1.32128846808125
"97","Washington",1991,7.38443806087638
"98","Wisconsin",1991,19.6774984863985
"99","West Virginia",1991,1.51751549210417
"100","Wyoming",1991,7.21998620674667
"101","Alaska",1992,0.029086085401539
"102","Alabama",1992,6.17353935595724
"103","Arkansas",1992,15.7298760067706
"104","Arizona",1992,7.42263175385891
"105","California",1992,27.6654320037091
"106","Colorado",1992,14.9225771886281
"107","Connecticut",1992,0.368939602086128
"108","Delaware",1992,0.43266049642873
"109","Florida",1992,10.5508297878949
"110","Georgia",1992,6.82555263421115
"111","Hawaii",1992,0.571119493191697
"112","Iowa",1992,31.5720506365043
"113","Idaho",1992,8.22730105913085
"114","Illinois",1992,21.0485691304691
"115","Indiana",1992,13.7184588040971
"116","Kansas",1992,26.7279314203669
"117","Kentucky",1992,10.174972830848
"118","Louisiana",1992,9.44189694084681
"119","Massachusetts",1992,0.421636181652739
"120","Maryland",1992,1.95146937620528
"121","Maine",1992,0.588320100621205
"122","Michigan",1992,8.857032752028
"123","Minnesota",1992,22.3395717344073
"124","Missouri",1992,19.9616191832086
"125","Mississippi",1992,7.8067874498231
"126","Montana",1992,15.3674745333257
"127","North Carolina",1992,8.19114804130451
"128","North Dakota",1992,14.5762199187
"129","Nebraska",1992,29.161237256693
"130","New Hampshire",1992,0.2298807583735
"131","New Jersey",1992,0.516231160577677
"132","New Mexico",1992,9.25193282004454
"133","Nevada",1992,2.34424676724182
"134","New York",1992,8.10354583459246
"135","Ohio",1992,12.2885243259711
"136","Oklahoma",1992,17.1487061384391
"137","Oregon",1992,6.68845722705941
"138","Pennsylvania",1992,8.57731554663779
"139","Rhode Island",1992,0.0488926267409562
"140","South Carolina",1992,2.58487185842685
"141","South Dakota",1992,18.7699821362811
"142","Tennessee",1992,8.07219626304384
"143","Texas",1992,61.8836868847696
"144","Utah",1992,4.21904951048312
"145","Virginia",1992,6.26423663398685
"146","Vermont",1992,1.30637915643031
"147","Washington",1992,7.6791156437919
"148","Wisconsin",1992,18.7491274372773
"149","West Virginia",1992,1.58834073868617
"150","Wyoming",1992,7.45421728341222
"151","Alaska",1993,0.0302323737626292
"152","Alabama",1993,6.15257896016155
"153","Arkansas",1993,17.1249767032696
"154","Arizona",1993,6.94648599335816
"155","California",1993,28.5655465346737
"156","Colorado",1993,14.9347298690188
"157","Connecticut",1993,0.373630424998415
"158","Delaware",1993,0.42318182071825
"159","Florida",1993,10.6443913102653
"160","Georgia",1993,6.74729844991821
"161","Hawaii",1993,0.547721605502159
"162","Iowa",1993,32.8248314717499
"163","Idaho",1993,8.93743706775325
"164","Illinois",1993,23.6140172092176
"165","Indiana",1993,13.3092859641714
"166","Kansas",1993,29.6740456669483
"167","Kentucky",1993,10.0622393130973
"168","Louisiana",1993,8.72058230303859
"169","Massachusetts",1993,0.407774198947135
"170","Maryland",1993,1.95702220237885
"171","Maine",1993,0.588362425407759
"172","Michigan",1993,8.66213582834822
"173","Minnesota",1993,24.0085548268766
"174","Missouri",1993,21.8624574959599
"175","Mississippi",1993,8.04796219336179
"176","Montana",1993,17.3749560525694
"177","North Carolina",1993,8.57200576802568
"178","North Dakota",1993,16.5142525389745
"179","Nebraska",1993,31.3263051800912
"180","New Hampshire",1993,0.23473044959955
"181","New Jersey",1993,0.519032845858064
"182","New Mexico",1993,9.62619756671314
"183","Nevada",1993,2.45489743043574
"184","New York",1993,7.81498778807356
"185","Ohio",1993,11.4783698880965
"186","Oklahoma",1993,17.1419380086825
"187","Oregon",1993,6.9781887803333
"188","Pennsylvania",1993,8.40115371153482
"189","Rhode Island",1993,0.065969586823964
"190","South Carolina",1993,2.60037292603698
"191","South Dakota",1993,19.8199040950345
"192","Tennessee",1993,8.1536697323649
"193","Texas",1993,62.2909119960044
"194","Utah",1993,4.5263252242299
"195","Virginia",1993,6.10737591040106
"196","Vermont",1993,1.37161691977676
"197","Washington",1993,8.43071165505387
"198","Wisconsin",1993,18.995153443143
"199","West Virginia",1993,1.6140461080095
"200","Wyoming",1993,8.17284974606661
"201","Alaska",1994,0.0337137335355623
"202","Alabama",1994,6.48166622612588
"203","Arkansas",1994,16.9344517864426
"204","Arizona",1994,6.93474035801576
"205","California",1994,29.1096660816819
"206","Colorado",1994,14.3251232074673
"207","Connecticut",1994,0.391435197550573
"208","Delaware",1994,0.465920367756402
"209","Florida",1994,10.9463241191842
"210","Georgia",1994,7.23132330737303
"211","Hawaii",1994,0.529932507370908
"212","Iowa",1994,33.6826866003181
"213","Idaho",1994,9.0731141722266
"214","Illinois",1994,23.0503605747127
"215","Indiana",1994,13.7085954590492
"216","Kansas",1994,27.6755070320748
"217","Kentucky",1994,10.2702277883605
"218","Louisiana",1994,9.20103076640524
"219","Massachusetts",1994,0.410133948307708
"220","Maryland",1994,1.91208294173315
"221","Maine",1994,0.60268329565181
"222","Michigan",1994,8.87018859761582
"223","Minnesota",1994,22.9230652093752
"224","Missouri",1994,22.0076322683984
"225","Mississippi",1994,8.05277890147239
"226","Montana",1994,16.3679991032282
"227","North Carolina",1994,9.83168875245928
"228","North Dakota",1994,16.8453401092921
"229","Nebraska",1994,30.9898025165335
"230","New Hampshire",1994,0.239223342954057
"231","New Jersey",1994,0.507682681367449
"232","New Mexico",1994,9.93769619475336
"233","Nevada",1994,2.27473331682445
"234","New York",1994,8.04866035121321
"235","Ohio",1994,11.8062056998788
"236","Oklahoma",1994,18.2525942235647
"237","Oregon",1994,6.95047306953905
"238","Pennsylvania",1994,8.3776610097071
"239","Rhode Island",1994,0.0460190475749921
"240","South Carolina",1994,2.8078166526562
"241","South Dakota",1994,19.7961650702145
"242","Tennessee",1994,8.73557556391798
"243","Texas",1994,63.5508832285379
"244","Utah",1994,4.34646364410097
"245","Virginia",1994,6.20719673765392
"246","Vermont",1994,1.33921018943453
"247","Washington",1994,8.30265569638794
"248","Wisconsin",1994,18.4354429643749
"249","West Virginia",1994,1.58768387756898
"250","Wyoming",1994,8.44955988299168
"251","Alaska",1995,0.0347916565528239
"252","Alabama",1995,6.35634755441601
"253","Arkansas",1995,16.8483581865468
"254","Arizona",1995,7.08140862212394
"255","California",1995,30.565825891785
"256","Colorado",1995,14.8188674184766
"257","Connecticut",1995,0.380151147682802
"258","Delaware",1995,0.431297492909247
"259","Florida",1995,10.8402790455721
"260","Georgia",1995,7.0457962001906
"261","Hawaii",1995,0.545338848944273
"262","Iowa",1995,33.896562157294
"263","Idaho",1995,9.5876128110524
"264","Illinois",1995,22.4926426800268
"265","Indiana",1995,13.7192537337474
"266","Kansas",1995,28.8378329448157
"267","Kentucky",1995,10.1374185834697
"268","Louisiana",1995,8.70411853407259
"269","Massachusetts",1995,0.40095565192776
"270","Maryland",1995,1.98873330702336
"271","Maine",1995,0.582566915955607
"272","Michigan",1995,8.64895457395463
"273","Minnesota",1995,23.8087000537226
"274","Missouri",1995,21.551597267094
"275","Mississippi",1995,7.77964273715886
"276","Montana",1995,17.6308083283835
"277","North Carolina",1995,10.8874181666039
"278","North Dakota",1995,16.6120077135965
"279","Nebraska",1995,29.5674871689767
"280","New Hampshire",1995,0.238371917008975
"281","New Jersey",1995,0.465400733829597
"282","New Mexico",1995,10.3011469520425
"283","Nevada",1995,2.40232050689237
"284","New York",1995,7.7299389165134
"285","Ohio",1995,13.3502092493751
"286","Oklahoma",1995,17.8235679339773
"287","Oregon",1995,7.38567575244421
"288","Pennsylvania",1995,8.29521511490806
"289","Rhode Island",1995,0.0420879092105558
"290","South Carolina",1995,2.64360493836881
"291","South Dakota",1995,19.8094781554325
"292","Tennessee",1995,8.6021686138245
"293","Texas",1995,65.1832274173972
"294","Utah",1995,4.56626291451161
"295","Virginia",1995,6.25124043836938
"296","Vermont",1995,1.33322883363266
"297","Washington",1995,8.05751255879169
"298","Wisconsin",1995,18.4490319725442
"299","West Virginia",1995,1.57886691104232
"300","Wyoming",1995,8.64633759306717
"301","Alaska",1996,0.0368852213307253
"302","Alabama",1996,6.36698232398112
"303","Arkansas",1996,16.9675144731502
"304","Arizona",1996,7.09585110367626
"305","California",1996,31.2069175283088
"306","Colorado",1996,14.9126245492958
"307","Connecticut",1996,0.36215900582743
"308","Delaware",1996,0.417459577498858
"309","Florida",1996,10.4998388386512
"310","Georgia",1996,7.06231167588039
"311","Hawaii",1996,0.517557711039768
"312","Iowa",1996,33.2168820023227
"313","Idaho",1996,10.0000461987827
"314","Illinois",1996,23.9730346180457
"315","Indiana",1996,13.172274444862
"316","Kansas",1996,29.0212982991092
"317","Kentucky",1996,10.3175831561817
"318","Louisiana",1996,9.52570590820758
"319","Massachusetts",1996,0.383128033154737
"320","Maryland",1996,1.93326839519626
"321","Maine",1996,0.653429567949231
"322","Michigan",1996,8.67425586646916
"323","Minnesota",1996,22.9231208433298
"324","Missouri",1996,22.6813981207329
"325","Mississippi",1996,7.86277757574431
"326","Montana",1996,17.8872248664104
"327","North Carolina",1996,11.7312458859842
"328","North Dakota",1996,16.2832559099977
"329","Nebraska",1996,31.1560246984176
"330","New Hampshire",1996,0.23434189549065
"331","New Jersey",1996,0.534778798374879
"332","New Mexico",1996,11.3217923963173
"333","Nevada",1996,2.44827480496478
"334","New York",1996,7.86103553073857
"335","Ohio",1996,12.5000950423701
"336","Oklahoma",1996,19.545619028213
"337","Oregon",1996,7.13482000390871
"338","Pennsylvania",1996,8.46195252975776
"339","Rhode Island",1996,0.0434131026013599
"340","South Carolina",1996,2.7051811366878
"341","South Dakota",1996,20.1543994067247
"342","Tennessee",1996,8.56887268035764
"343","Texas",1996,66.3257186047422
"344","Utah",1996,4.53391025007088
"345","Virginia",1996,6.34503668821465
"346","Vermont",1996,1.36346799036811
"347","Washington",1996,7.62310540149996
"348","Wisconsin",1996,18.1132239341657
"349","West Virginia",1996,1.60826938539526
"350","Wyoming",1996,8.5364575411972
"351","Alaska",1997,0.0415763801638771
"352","Alabama",1997,5.98702978909423
"353","Arkansas",1997,16.661864290577
"354","Arizona",1997,7.27274365048089
"355","California",1997,31.7584590555161
"356","Colorado",1997,15.3073499531189
"357","Connecticut",1997,0.364222997887956
"358","Delaware",1997,0.430752304058221
"359","Florida",1997,10.685222802861
"360","Georgia",1997,6.94983545348034
"361","Hawaii",1997,0.524514223391229
"362","Iowa",1997,31.9469004902322
"363","Idaho",1997,10.1301678421133
"364","Illinois",1997,21.0088133562872
"365","Indiana",1997,12.5392354601802
"366","Kansas",1997,29.2719549238081
"367","Kentucky",1997,9.4612595997162
"368","Louisiana",1997,9.1518230610149
"369","Massachusetts",1997,0.379907021938176
"370","Maryland",1997,1.77286647165823
"371","Maine",1997,0.620261615847792
"372","Michigan",1997,8.30224714630452
"373","Minnesota",1997,22.5776227620972
"374","Missouri",1997,21.9578023921557
"375","Mississippi",1997,7.5894246506217
"376","Montana",1997,18.6857928037096
"377","North Carolina",1997,11.7259936352892
"378","North Dakota",1997,15.7439655134171
"379","Nebraska",1997,31.6871690179536
"380","New Hampshire",1997,0.232209719739999
"381","New Jersey",1997,0.47029442441789
"382","New Mexico",1997,10.9867309713365
"383","Nevada",1997,2.46893189868231
"384","New York",1997,7.58918629288208
"385","Ohio",1997,11.1640433125587
"386","Oklahoma",1997,18.6844355458661
"387","Oregon",1997,7.39404727809807
"388","Pennsylvania",1997,7.90244861194934
"389","Rhode Island",1997,0.0384837208489594
"390","South Carolina",1997,2.67359837961871
"391","South Dakota",1997,19.0206010497745
"392","Tennessee",1997,8.26272350382725
"393","Texas",1997,61.6563075159948
"394","Utah",1997,4.93224993785916
"395","Virginia",1997,5.96279296026294
"396","Vermont",1997,1.3496710001511
"397","Washington",1997,7.48554457193214
"398","Wisconsin",1997,17.7380327119576
"399","West Virginia",1997,1.4742601830017
"400","Wyoming",1997,9.46789072919544
"401","Alaska",1998,0.0422074121704853
"402","Alabama",1998,5.95662353925468
"403","Arkansas",1998,17.8066592165415
"404","Arizona",1998,7.52764953082572
"405","California",1998,31.4243509403895
"406","Colorado",1998,15.778551839172
"407","Connecticut",1998,0.384819194264309
"408","Delaware",1998,0.418022051558825
"409","Florida",1998,10.2337284344282
"410","Georgia",1998,6.79668497151109
"411","Hawaii",1998,0.541532494182286
"412","Iowa",1998,33.997195771929
"413","Idaho",1998,10.5380398680999
"414","Illinois",1998,21.9571826991861
"415","Indiana",1998,13.83929222869
"416","Kansas",1998,29.5037042386198
"417","Kentucky",1998,9.77094638516656
"418","Louisiana",1998,10.1571228455293
"419","Massachusetts",1998,0.38269970960807
"420","Maryland",1998,1.74977925376418
"421","Maine",1998,0.636341784468502
"422","Michigan",1998,8.39357419602258
"423","Minnesota",1998,23.8230838376378
"424","Missouri",1998,21.8494616324883
"425","Mississippi",1998,7.98716507081652
"426","Montana",1998,17.0601057144487
"427","North Carolina",1998,12.2113076159749
"428","North Dakota",1998,15.6066373626963
"429","Nebraska",1998,31.8100571162623
"430","New Hampshire",1998,0.241820640648115
"431","New Jersey",1998,0.43988684124375
"432","New Mexico",1998,10.8232776345753
"433","Nevada",1998,2.6146000232773
"434","New York",1998,8.06481322814595
"435","Ohio",1998,11.2723900079143
"436","Oklahoma",1998,18.8825878012237
"437","Oregon",1998,7.60788870134398
"438","Pennsylvania",1998,8.11695889059502
"439","Rhode Island",1998,0.0428006818337725
"440","South Carolina",1998,2.56665415396438
"441","South Dakota",1998,19.4662564794192
"442","Tennessee",1998,8.2635492817137
"443","Texas",1998,62.6108393003226
"444","Utah",1998,4.96005095196043
"445","Virginia",1998,5.99619584110362
"446","Vermont",1998,1.47449594232283
"447","Washington",1998,7.87161365040566
"448","Wisconsin",1998,18.4060982266587
"449","West Virginia",1998,1.46720939555037
"450","Wyoming",1998,9.30960374957043
"451","Alaska",1999,0.0409638648015055
"452","Alabama",1999,5.87112444434438
"453","Arkansas",1999,17.2169527003143
"454","Arizona",1999,7.56982308496269
"455","California",1999,32.4870082747151
"456","Colorado",1999,15.0990393966147
"457","Connecticut",1999,0.392760827934755
"458","Delaware",1999,0.446080846289223
"459","Florida",1999,11.726627606008
"460","Georgia",1999,6.66381059753473
"461","Hawaii",1999,0.520836460646
"462","Iowa",1999,35.7074544792219
"463","Idaho",1999,10.3235469282135
"464","Illinois",1999,22.6936421661418
"465","Indiana",1999,12.8183465693272
"466","Kansas",1999,28.6867239524188
"467","Kentucky",1999,9.28352345312943
"468","Louisiana",1999,9.68060913182064
"469","Massachusetts",1999,0.388082092142345
"470","Maryland",1999,1.75828198095064
"471","Maine",1999,0.645313470664239
"472","Michigan",1999,9.11495530576074
"473","Minnesota",1999,23.8044326058536
"474","Missouri",1999,20.5988564957636
"475","Mississippi",1999,7.32718874493302
"476","Montana",1999,17.614596947683
"477","North Carolina",1999,11.8335711186586
"478","North Dakota",1999,16.0192338763462
"479","Nebraska",1999,31.8253185869428
"480","New Hampshire",1999,0.246901028817024
"481","New Jersey",1999,0.525859599115174
"482","New Mexico",1999,11.1037774977064
"483","Nevada",1999,2.30356568533273
"484","New York",1999,8.26545472420212
"485","Ohio",1999,11.3183632613591
"486","Oklahoma",1999,18.8057724534872
"487","Oregon",1999,7.02550562516519
"488","Pennsylvania",1999,8.25735052826088
"489","Rhode Island",1999,0.045032726856248
"490","South Carolina",1999,2.71243276399613
"491","South Dakota",1999,19.6885549664729
"492","Tennessee",1999,7.81323023581338
"493","Texas",1999,59.51483664756
"494","Utah",1999,4.66063648969525
"495","Virginia",1999,6.56820589857953
"496","Vermont",1999,1.49601615172367
"497","Washington",1999,7.73741100186964
"498","Wisconsin",1999,18.6953123761824
"499","West Virginia",1999,1.49657532199227
"500","Wyoming",1999,8.25323779954696
"501","Alaska",2000,0.0360945579582007
"502","Alabama",2000,5.60787305791899
"503","Arkansas",2000,17.890380577319
"504","Arizona",2000,7.02386728229978
"505","California",2000,34.098609514675
"506","Colorado",2000,14.7162844060925
"507","Connecticut",2000,0.371358527582768
"508","Delaware",2000,0.436054822042149
"509","Florida",2000,11.7147622989518
"510","Georgia",2000,6.5504096185766
"511","Hawaii",2000,0.507418045195905
"512","Iowa",2000,32.5538444637316
"513","Idaho",2000,10.9065115000116
"514","Illinois",2000,22.273819584664
"515","Indiana",2000,13.0666595123775
"516","Kansas",2000,28.5183218567647
"517","Kentucky",2000,9.26432058930655
"518","Louisiana",2000,9.77327250623059
"519","Massachusetts",2000,0.373996207310883
"520","Maryland",2000,2.00284665073401
"521","Maine",2000,0.581227618121862
"522","Michigan",2000,8.9061774553601
"523","Minnesota",2000,23.0263848257016
"524","Missouri",2000,21.4718114901008
"525","Mississippi",2000,7.75300062093357
"526","Montana",2000,15.8981679112131
"527","North Carolina",2000,11.1961592792575
"528","North Dakota",2000,16.3097172866768
"529","Nebraska",2000,29.8823836597951
"530","New Hampshire",2000,0.246485649328763
"531","New Jersey",2000,0.432060970962122
"532","New Mexico",2000,10.4987987134638
"533","Nevada",2000,2.43406626745757
"534","New York",2000,8.28753632720476
"535","Ohio",2000,11.616544501565
"536","Oklahoma",2000,17.9707587198246
"537","Oregon",2000,6.78927864888956
"538","Pennsylvania",2000,8.18254220220646
"539","Rhode Island",2000,0.0463456896794763
"540","South Carolina",2000,2.61620635379106
"541","South Dakota",2000,18.5317336517362
"542","Tennessee",2000,8.01145526334707
"543","Texas",2000,61.4201867946949
"544","Utah",2000,4.80344717648491
"545","Virginia",2000,6.15279042554976
"546","Vermont",2000,1.46858049580497
"547","Washington",2000,7.9494783089702
"548","Wisconsin",2000,17.6686589168378
"549","West Virginia",2000,1.49232351949239
"550","Wyoming",2000,7.98386303853398
"551","Alaska",2001,0.0382660529906059
"552","Alabama",2001,5.62792026835706
"553","Arkansas",2001,16.9254488391841
"554","Arizona",2001,7.28120970911553
"555","California",2001,35.0356874470024
"556","Colorado",2001,14.4649484344202
"557","Connecticut",2001,0.362761135574063
"558","Delaware",2001,0.406949496426917
"559","Florida",2001,10.1952789742397
"560","Georgia",2001,6.40917186685049
"561","Hawaii",2001,0.460237293144237
"562","Iowa",2001,34.0149703835401
"563","Idaho",2001,10.9232481315621
"564","Illinois",2001,22.3868086425913
"565","Indiana",2001,13.7015452630488
"566","Kansas",2001,34.0358600584767
"567","Kentucky",2001,9.53919935726102
"568","Louisiana",2001,9.51226759735571
"569","Massachusetts",2001,0.347369220767115
"570","Maryland",2001,1.78625090945225
"571","Maine",2001,0.58509951338541
"572","Michigan",2001,8.54687486810453
"573","Minnesota",2001,21.6946520941021
"574","Missouri",2001,22.573976937287
"575","Mississippi",2001,7.98996537316722
"576","Montana",2001,16.6096862584175
"577","North Carolina",2001,11.2671227465815
"578","North Dakota",2001,17.2927589484855
"579","Nebraska",2001,32.0102897241988
"580","New Hampshire",2001,0.22532903434517
"581","New Jersey",2001,0.452369325735866
"582","New Mexico",2001,10.8560116377347
"583","Nevada",2001,2.38949758058039
"584","New York",2001,8.01125632853729
"585","Ohio",2001,12.9280513558237
"586","Oklahoma",2001,18.5955177076607
"587","Oregon",2001,6.85137099643011
"588","Pennsylvania",2001,8.37471138968874
"589","Rhode Island",2001,0.043944858252755
"590","South Carolina",2001,2.6622615696102
"591","South Dakota",2001,21.7309530463976
"592","Tennessee",2001,8.11634723807279
"593","Texas",2001,59.8687585856628
"594","Utah",2001,4.70871678416036
"595","Virginia",2001,6.27157924998236
"596","Vermont",2001,1.48810463972543
"597","Washington",2001,8.20650971339783
"598","Wisconsin",2001,17.6505995825201
"599","West Virginia",2001,1.46169548346843
"600","Wyoming",2001,8.20884139566525
"601","Alaska",2002,0.0413997987661282
"602","Alabama",2002,5.47242610882833
"603","Arkansas",2002,17.1168667579551
"604","Arizona",2002,7.09048456477102
"605","California",2002,36.3746646721353
"606","Colorado",2002,14.1751051134233
"607","Connecticut",2002,0.3980644183175
"608","Delaware",2002,0.430474618575394
"609","Florida",2002,10.2985378824703
"610","Georgia",2002,6.72762808561497
"611","Hawaii",2002,0.452230435105183
"612","Iowa",2002,36.6696561711119
"613","Idaho",2002,11.2712495451052
"614","Illinois",2002,23.7624792765785
"615","Indiana",2002,13.618432897747
"616","Kansas",2002,30.3675590807126
"617","Kentucky",2002,9.36440566285657
"618","Louisiana",2002,9.6314330181798
"619","Massachusetts",2002,0.368208005125545
"620","Maryland",2002,1.85062623819553
"621","Maine",2002,0.621868020285502
"622","Michigan",2002,8.55519207511036
"623","Minnesota",2002,22.9074703568851
"624","Missouri",2002,22.8171543089912
"625","Mississippi",2002,8.41852853966653
"626","Montana",2002,16.937768420698
"627","North Carolina",2002,11.6828899991142
"628","North Dakota",2002,14.9818627438817
"629","Nebraska",2002,31.9077778609852
"630","New Hampshire",2002,0.23911045360259
"631","New Jersey",2002,0.462619960809571
"632","New Mexico",2002,11.4412911298168
"633","Nevada",2002,2.41663917186376
"634","New York",2002,8.8034449951891
"635","Ohio",2002,12.106660204577
"636","Oklahoma",2002,19.0002966723646
"637","Oregon",2002,7.17963830347063
"638","Pennsylvania",2002,8.6536263058406
"639","Rhode Island",2002,0.0406847488962276
"640","South Carolina",2002,2.72673919966148
"641","South Dakota",2002,20.2038368896851
"642","Tennessee",2002,7.90532093190428
"643","Texas",2002,62.8190313589473
"644","Utah",2002,4.70655891303365
"645","Virginia",2002,6.09044645094439
"646","Vermont",2002,1.49712634192861
"647","Washington",2002,7.78615295895216
"648","Wisconsin",2002,18.0894128189799
"649","West Virginia",2002,1.53809292546622
"650","Wyoming",2002,8.11863704431663
"651","Alaska",2003,0.0429796998543212
"652","Alabama",2003,5.55728090262816
"653","Arkansas",2003,16.7522775144846
"654","Arizona",2003,7.52724572102605
"655","California",2003,36.53038766428
"656","Colorado",2003,14.329367235347
"657","Connecticut",2003,0.351821307379322
"658","Delaware",2003,0.434018376600419
"659","Florida",2003,9.994570683439
"660","Georgia",2003,6.66293781514937
"661","Hawaii",2003,0.459812724498178
"662","Iowa",2003,33.7860973702934
"663","Idaho",2003,11.9635336625659
"664","Illinois",2003,22.6058066777892
"665","Indiana",2003,13.8263556466585
"666","Kansas",2003,31.705215604491
"667","Kentucky",2003,10.0518778649594
"668","Louisiana",2003,9.57967554615385
"669","Massachusetts",2003,0.344524830486266
"670","Maryland",2003,1.72289108064837
"671","Maine",2003,0.621563040236181
"672","Michigan",2003,8.85516300181604
"673","Minnesota",2003,23.0180090574906
"674","Missouri",2003,22.5621015063462
"675","Mississippi",2003,8.3447440012274
"676","Montana",2003,16.5689525068029
"677","North Carolina",2003,11.6335413286507
"678","North Dakota",2003,17.8544164309725
"679","Nebraska",2003,31.3878560470685
"680","New Hampshire",2003,0.230820874781991
"681","New Jersey",2003,0.429627962735935
"682","New Mexico",2003,11.2469122301619
"683","Nevada",2003,2.49327116778915
"684","New York",2003,8.75445310574146
"685","Ohio",2003,11.3373251754721
"686","Oklahoma",2003,19.2411305492758
"687","Oregon",2003,7.47914011908852
"688","Pennsylvania",2003,8.16138576582894
"689","Rhode Island",2003,0.0391504943241126
"690","South Carolina",2003,2.60509372071566
"691","South Dakota",2003,20.4316682966834
"692","Tennessee",2003,8.05211643082542
"693","Texas",2003,60.350664338902
"694","Utah",2003,4.68077086436023
"695","Virginia",2003,6.39182836205877
"696","Vermont",2003,1.49696002216985
"697","Washington",2003,7.97690348738481
"698","Wisconsin",2003,18.1000707845475
"699","West Virginia",2003,1.46413215441111
"700","Wyoming",2003,7.76169764306392
"701","Alaska",2004,0.0457192203511118
"702","Alabama",2004,5.55170146146044
"703","Arkansas",2004,17.635126945742
"704","Arizona",2004,7.74186405247403
"705","California",2004,36.3481561039652
"706","Colorado",2004,13.5311717404287
"707","Connecticut",2004,0.333936332265191
"708","Delaware",2004,0.390706303158664
"709","Florida",2004,9.85133378411092
"710","Georgia",2004,6.69977354414122
"711","Hawaii",2004,0.457862453843266
"712","Iowa",2004,33.9471032840991
"713","Idaho",2004,11.8669558953877
"714","Illinois",2004,21.45094219309
"715","Indiana",2004,12.8140229583896
"716","Kansas",2004,31.8399291548543
"717","Kentucky",2004,9.49433992888487
"718","Louisiana",2004,9.58664390066941
"719","Massachusetts",2004,0.333034201175151
"720","Maryland",2004,1.79874008076905
"721","Maine",2004,0.621271838131807
"722","Michigan",2004,8.86938650887548
"723","Minnesota",2004,24.6563041149035
"724","Missouri",2004,21.9028017266317
"725","Mississippi",2004,7.34184771349002
"726","Montana",2004,17.4208723388888
"727","North Carolina",2004,11.8488792466535
"728","North Dakota",2004,17.3730170167864
"729","Nebraska",2004,32.1771267789491
"730","New Hampshire",2004,0.22385794692313
"731","New Jersey",2004,0.418412196073731
"732","New Mexico",2004,11.6417023356546
"733","Nevada",2004,2.55813818767733
"734","New York",2004,8.23024961814418
"735","Ohio",2004,11.4469020291325
"736","Oklahoma",2004,19.6098692667568
"737","Oregon",2004,7.34834699418929
"738","Pennsylvania",2004,8.17656188820244
"739","Rhode Island",2004,0.038391650580628
"740","South Carolina",2004,2.54814166957776
"741","South Dakota",2004,21.9489972343026
"742","Tennessee",2004,8.10381952658995
"743","Texas",2004,61.1162986239385
"744","Utah",2004,4.71455248063401
"745","Virginia",2004,5.85505499655712
"746","Vermont",2004,1.47157615584104
"747","Washington",2004,8.02025382170146
"748","Wisconsin",2004,17.761701690356
"749","West Virginia",2004,1.45345038368928
"750","Wyoming",2004,8.02094301785638
"751","Alaska",2005,0.0485988059272435
"752","Alabama",2005,5.38350231849834
"753","Arkansas",2005,18.6896441916882
"754","Arizona",2005,7.79389962616503
"755","California",2005,36.0807258995168
"756","Colorado",2005,14.2323424985769
"757","Connecticut",2005,0.313728730684555
"758","Delaware",2005,0.433993597190096
"759","Florida",2005,9.98292306373443
"760","Georgia",2005,6.4006210130436
"761","Hawaii",2005,0.453588155833123
"762","Iowa",2005,35.2085203580606
"763","Idaho",2005,12.4340922071946
"764","Illinois",2005,21.0455392917777
"765","Indiana",2005,13.1944909846722
"766","Kansas",2005,33.5915566987989
"767","Kentucky",2005,8.9244061406284
"768","Louisiana",2005,9.45669241477865
"769","Massachusetts",2005,0.335986795920217
"770","Maryland",2005,1.7665545202089
"771","Maine",2005,0.657660579338689
"772","Michigan",2005,8.42978694569117
"773","Minnesota",2005,24.2600619463913
"774","Missouri",2005,21.6166013899029
"775","Mississippi",2005,7.84305740492327
"776","Montana",2005,16.9088452974509
"777","North Carolina",2005,11.5393160681764
"778","North Dakota",2005,16.964259201477
"779","Nebraska",2005,33.1950279489165
"780","New Hampshire",2005,0.232890181031978
"781","New Jersey",2005,0.406518899040409
"782","New Mexico",2005,11.4951010263106
"783","Nevada",2005,2.59558673667581
"784","New York",2005,8.26696995756923
"785","Ohio",2005,12.007381863585
"786","Oklahoma",2005,18.9589822945281
"787","Oregon",2005,7.63326324768701
"788","Pennsylvania",2005,7.84400825984437
"789","Rhode Island",2005,0.0387407251995895
"790","South Carolina",2005,2.65701018060702
"791","South Dakota",2005,21.7939292723311
"792","Tennessee",2005,7.73827819677229
"793","Texas",2005,57.5497424683725
"794","Utah",2005,4.84601317546276
"795","Virginia",2005,5.77059202659967
"796","Vermont",2005,1.48204784452848
"797","Washington",2005,7.68823815066344
"798","Wisconsin",2005,17.7684739348464
"799","West Virginia",2005,1.62764232608003
"800","Wyoming",2005,7.85910285177114
"801","Alaska",2006,0.0508723910617801
"802","Alabama",2006,5.16003268495312
"803","Arkansas",2006,18.1020791794406
"804","Arizona",2006,7.99392768508289
"805","California",2006,37.0821623296015
"806","Colorado",2006,14.4531793435987
"807","Connecticut",2006,0.327356619780441
"808","Delaware",2006,0.371680544217312
"809","Florida",2006,9.39174430915438
"810","Georgia",2006,6.24570842917745
"811","Hawaii",2006,0.466067250043116
"812","Iowa",2006,36.8602610959541
"813","Idaho",2006,12.6506599832498
"814","Illinois",2006,23.3008581177877
"815","Indiana",2006,12.696725911442
"816","Kansas",2006,30.6114575838584
"817","Kentucky",2006,9.2734739215713
"818","Louisiana",2006,8.78139440445752
"819","Massachusetts",2006,0.333980941216246
"820","Maryland",2006,1.60625807741437
"821","Maine",2006,0.677902898070982
"822","Michigan",2006,9.2564602433764
"823","Minnesota",2006,22.7320240820073
"824","Missouri",2006,22.3292445227261
"825","Mississippi",2006,7.375172187424
"826","Montana",2006,17.0166042719735
"827","North Carolina",2006,11.4761485953486
"828","North Dakota",2006,15.1040692905618
"829","Nebraska",2006,33.5919365233274
"830","New Hampshire",2006,0.2299231558117
"831","New Jersey",2006,0.419489322691387
"832","New Mexico",2006,12.1622069496793
"833","Nevada",2006,2.41619297713945
"834","New York",2006,8.58726365533218
"835","Ohio",2006,11.7212540689603
"836","Oklahoma",2006,18.6226186332541
"837","Oregon",2006,7.31826754521756
"838","Pennsylvania",2006,8.49093089117022
"839","Rhode Island",2006,0.040177059054097
"840","South Carolina",2006,2.45863320350543
"841","South Dakota",2006,22.427433522787
"842","Tennessee",2006,8.09891628087652
"843","Texas",2006,58.1880644512308
"844","Utah",2006,4.57373676262564
"845","Virginia",2006,5.72194819999685
"846","Vermont",2006,1.45318659680756
"847","Washington",2006,7.95593700783769
"848","Wisconsin",2006,18.4376895180493
"849","West Virginia",2006,1.54544454365712
"850","Wyoming",2006,8.04546112050624
"851","Alaska",2007,0.0538437582702308
"852","Alabama",2007,5.23947266741537
"853","Arkansas",2007,17.6735577508809
"854","Arizona",2007,8.00492803520603
"855","California",2007,37.5520048967651
"856","Colorado",2007,15.9000709793912
"857","Connecticut",2007,0.312580779594404
"858","Delaware",2007,0.391302761878217
"859","Florida",2007,9.79916061222852
"860","Georgia",2007,6.44029577780521
"861","Hawaii",2007,0.451128233920176
"862","Iowa",2007,36.7435972370982
"863","Idaho",2007,13.0736964834545
"864","Illinois",2007,21.3467933440515
"865","Indiana",2007,13.0013510905997
"866","Kansas",2007,33.9900220007455
"867","Kentucky",2007,9.78788322793921
"868","Louisiana",2007,9.41101035165676
"869","Massachusetts",2007,0.314361770287404
"870","Maryland",2007,1.52972673277161
"871","Maine",2007,0.656349539777291
"872","Michigan",2007,9.1194168043234
"873","Minnesota",2007,24.1781194549806
"874","Missouri",2007,22.4197343655795
"875","Mississippi",2007,7.38486372959268
"876","Montana",2007,17.0896238324569
"877","North Carolina",2007,11.6206042386631
"878","North Dakota",2007,21.175004442649
"879","Nebraska",2007,35.4662943837434
"880","New Hampshire",2007,0.215485822703979
"881","New Jersey",2007,0.409537214075143
"882","New Mexico",2007,11.4442101147111
"883","Nevada",2007,2.3383378309563
"884","New York",2007,8.49743479841109
"885","Ohio",2007,11.6566381027815
"886","Oklahoma",2007,20.0046975236235
"887","Oregon",2007,7.32655588142376
"888","Pennsylvania",2007,8.09481077408626
"889","Rhode Island",2007,0.037207364187165
"890","South Carolina",2007,2.48318322192132
"891","South Dakota",2007,22.8577480872634
"892","Tennessee",2007,7.77979494968577
"893","Texas",2007,60.6974413261937
"894","Utah",2007,4.71286936260842
"895","Virginia",2007,5.51544246859496
"896","Vermont",2007,1.43879410165682
"897","Washington",2007,8.35041625759743
"898","Wisconsin",2007,18.7230534104585
"899","West Virginia",2007,1.60887217208207
"900","Wyoming",2007,8.60100512280535
"901","Alaska",2008,0.0487609936275925
"902","Alabama",2008,5.40682123101194
"903","Arkansas",2008,16.8104410480875
"904","Arizona",2008,8.45388750726581
"905","California",2008,38.7764499355842
"906","Colorado",2008,14.8990968563606
"907","Connecticut",2008,0.326122791148061
"908","Delaware",2008,0.373308239036049
"909","Florida",2008,9.3733141612049
"910","Georgia",2008,5.95795960244676
"911","Hawaii",2008,0.422276537233113
"912","Iowa",2008,36.4087186432142
"913","Idaho",2008,13.0830965888954
"914","Illinois",2008,23.8607231251404
"915","Indiana",2008,13.5703776903752
"916","Kansas",2008,35.606165525263
"917","Kentucky",2008,9.09563614143039
"918","Louisiana",2008,8.73988023068096
"919","Massachusetts",2008,0.320625505729631
"920","Maryland",2008,1.60947597645133
"921","Maine",2008,0.686471761593296
"922","Michigan",2008,9.38920364545477
"923","Minnesota",2008,24.3905569360495
"924","Missouri",2008,23.0403006557688
"925","Mississippi",2008,7.52335506160414
"926","Montana",2008,16.8523090808621
"927","North Carolina",2008,11.3606428153672
"928","North Dakota",2008,16.1699540012833
"929","Nebraska",2008,33.388174040171
"930","New Hampshire",2008,0.223035412635344
"931","New Jersey",2008,0.419482921037623
"932","New Mexico",2008,12.1102872778674
"933","Nevada",2008,2.42750881211723
"934","New York",2008,8.68544265758747
"935","Ohio",2008,12.5552115624468
"936","Oklahoma",2008,19.7092143661906
"937","Oregon",2008,7.29238523695304
"938","Pennsylvania",2008,8.14034519101322
"939","Rhode Island",2008,0.0413993127817539
"940","South Carolina",2008,2.51266681964626
"941","South Dakota",2008,21.7900778433319
"942","Tennessee",2008,7.57059783482376
"943","Texas",2008,57.4907202343742
"944","Utah",2008,4.7106040457568
"945","Virginia",2008,5.95996141575399
"946","Vermont",2008,1.45075778538639
"947","Washington",2008,7.8944646729236
"948","Wisconsin",2008,18.4922836599655
"949","West Virginia",2008,1.45096741763275
"950","Wyoming",2008,8.21219366165805
"951","Alaska",2009,0.0469289826312083
"952","Alabama",2009,5.15554214102338
"953","Arkansas",2009,18.3169352697283
"954","Arizona",2009,7.90608711590348
"955","California",2009,37.255912581851
"956","Colorado",2009,14.6349172184592
"957","Connecticut",2009,0.318520467976732
"958","Delaware",2009,0.403809582944647
"959","Florida",2009,8.98879985090313
"960","Georgia",2009,5.99300182898192
"961","Hawaii",2009,0.426976124257541
"962","Iowa",2009,34.7546209570832
"963","Idaho",2009,13.5699182001713
"964","Illinois",2009,22.0930767356959
"965","Indiana",2009,14.1294354557498
"966","Kansas",2009,30.1464286243255
"967","Kentucky",2009,10.0254461098972
"968","Louisiana",2009,9.86620350500072
"969","Massachusetts",2009,0.310122477290008
"970","Maryland",2009,1.59609828739363
"971","Maine",2009,0.663713949639081
"972","Michigan",2009,8.89826667039725
"973","Minnesota",2009,23.0781025866636
"974","Missouri",2009,22.8015637299236
"975","Mississippi",2009,7.19623958828841
"976","Montana",2009,18.7947468249005
"977","North Carolina",2009,11.0757570846815
"978","North Dakota",2009,16.4812876060185
"979","Nebraska",2009,33.5973275600038
"980","New Hampshire",2009,0.226124971853665
"981","New Jersey",2009,0.436761805907534
"982","New Mexico",2009,11.5776657591479
"983","Nevada",2009,2.50821531977629
"984","New York",2009,8.63655270473797
"985","Ohio",2009,12.5007472876551
"986","Oklahoma",2009,20.1010476500805
"987","Oregon",2009,7.61325680586536
"988","Pennsylvania",2009,8.17202427661591
"989","Rhode Island",2009,0.0403195907613332
"990","South Carolina",2009,2.3330058134737
"991","South Dakota",2009,23.583752158226
"992","Tennessee",2009,7.61529821130787
"993","Texas",2009,60.4673685598984
"994","Utah",2009,4.60299706573143
"995","Virginia",2009,5.54482558187811
"996","Vermont",2009,1.45853396910424
"997","Washington",2009,8.80311778196429
"998","Wisconsin",2009,18.7365401710238
"999","West Virginia",2009,1.47238369205762
"1000","Wyoming",2009,8.35515314697125
"1001","Alaska",2010,0.047983113934557
"1002","Alabama",2010,5.12950083754433
"1003","Arkansas",2010,19.759270971932
"1004","Arizona",2010,7.87059426639051
"1005","California",2010,37.5241622511
"1006","Colorado",2010,14.3911967849067
"1007","Connecticut",2010,0.307520916679716
"1008","Delaware",2010,0.418767040842767
"1009","Florida",2010,9.35112354062066
"1010","Georgia",2010,5.90404922519286
"1011","Hawaii",2010,0.412798673741579
"1012","Iowa",2010,35.8382948508646
"1013","Idaho",2010,13.0009967905117
"1014","Illinois",2010,22.5251846222369
"1015","Indiana",2010,14.4615846993604
"1016","Kansas",2010,33.3487865104432
"1017","Kentucky",2010,9.171744348633
"1018","Louisiana",2010,9.28015403730708
"1019","Massachusetts",2010,0.331609941343892
"1020","Maryland",2010,1.41390015361509
"1021","Maine",2010,0.66232059392579
"1022","Michigan",2010,9.45527461882962
"1023","Minnesota",2010,24.4577241910276
"1024","Missouri",2010,23.3634250387621
"1025","Mississippi",2010,7.47867132401577
"1026","Montana",2010,18.1878057666866
"1027","North Carolina",2010,10.7175236314095
"1028","North Dakota",2010,18.1629235986803
"1029","Nebraska",2010,32.8834198770213
"1030","New Hampshire",2010,0.232829642990161
"1031","New Jersey",2010,0.401784116065074
"1032","New Mexico",2010,11.8505421709272
"1033","Nevada",2010,2.52112079730498
"1034","New York",2010,8.95515300664133
"1035","Ohio",2010,12.7120503030558
"1036","Oklahoma",2010,19.8356785848831
"1037","Oregon",2010,7.3558298179309
"1038","Pennsylvania",2010,8.64995871800629
"1039","Rhode Island",2010,0.0386633643364101
"1040","South Carolina",2010,2.31026818067935
"1041","South Dakota",2010,22.5003015766396
"1042","Tennessee",2010,7.33814141874056
"1043","Texas",2010,59.8823221183514
"1044","Utah",2010,4.73898622195337
"1045","Virginia",2010,5.75019630678921
"1046","Vermont",2010,1.45173510573434
"1047","Washington",2010,8.51370432830447
"1048","Wisconsin",2010,19.9756564935136
"1049","West Virginia",2010,1.40643503844516
"1050","Wyoming",2010,8.19882097501504
"1051","Alaska",2011,0.0478428885522547
"1052","Alabama",2011,5.08952668941691
"1053","Arkansas",2011,17.9940784766155
"1054","Arizona",2011,7.43872283797041
"1055","California",2011,37.207881479611
"1056","Colorado",2011,14.4698400904674
"1057","Connecticut",2011,0.321126153689826
"1058","Delaware",2011,0.393072413312875
"1059","Florida",2011,9.05166328552619
"1060","Georgia",2011,5.76916744321224
"1061","Hawaii",2011,0.402968383810406
"1062","Iowa",2011,37.5944036167232
"1063","Idaho",2011,13.7408899147681
"1064","Illinois",2011,21.4056363180316
"1065","Indiana",2011,13.9359654039678
"1066","Kansas",2011,31.5402995277686
"1067","Kentucky",2011,9.46079345432283
"1068","Louisiana",2011,9.38406667627742
"1069","Massachusetts",2011,0.301908020550365
"1070","Maryland",2011,1.5653350051801
"1071","Maine",2011,0.554191301625994
"1072","Michigan",2011,9.7248382425523
"1073","Minnesota",2011,23.333474464754
"1074","Missouri",2011,21.5393367561901
"1075","Mississippi",2011,7.15673004871288
"1076","Montana",2011,20.137014792068
"1077","North Carolina",2011,10.8178003723912
"1078","North Dakota",2011,17.3407572376124
"1079","Nebraska",2011,35.7428879689155
"1080","New Hampshire",2011,0.231501925009333
"1081","New Jersey",2011,0.396030536840514
"1082","New Mexico",2011,10.9116798351433
"1083","Nevada",2011,2.47848718361988
"1084","New York",2011,9.02767919047922
"1085","Ohio",2011,12.6183808794345
"1086","Oklahoma",2011,20.1753078754679
"1087","Oregon",2011,7.53107040198176
"1088","Pennsylvania",2011,8.77795292597345
"1089","Rhode Island",2011,0.0410667606842354
"1090","South Carolina",2011,2.27128818010877
"1091","South Dakota",2011,23.5575748952459
"1092","Tennessee",2011,7.39750436091601
"1093","Texas",2011,55.315246570513
"1094","Utah",2011,4.75638031881487
"1095","Virginia",2011,5.93124647211466
"1096","Vermont",2011,1.48488084493197
"1097","Washington",2011,8.54413749055255
"1098","Wisconsin",2011,19.3874623345734
"1099","West Virginia",2011,1.45982666480574
"1100","Wyoming",2011,8.62187621025999
"1101","Alaska",2012,0.0495175736129344
"1102","Alabama",2012,5.09700679753561
"1103","Arkansas",2012,17.6846995997464
"1104","Arizona",2012,7.75965967545551
"1105","California",2012,37.0269827929357
"1106","Colorado",2012,14.9431776799179
"1107","Connecticut",2012,0.328862709087387
"1108","Delaware",2012,0.369210891890481
"1109","Florida",2012,9.14716449678239
"1110","Georgia",2012,6.03600654649693
"1111","Hawaii",2012,0.396755514556614
"1112","Iowa",2012,36.8363431223028
"1113","Idaho",2012,13.6051911024011
"1114","Illinois",2012,21.9831852502152
"1115","Indiana",2012,13.4360124377574
"1116","Kansas",2012,31.7641135005291
"1117","Kentucky",2012,8.92729443424888
"1118","Louisiana",2012,9.0978409791526
"1119","Massachusetts",2012,0.294735975644407
"1120","Maryland",2012,1.57958702203488
"1121","Maine",2012,0.560491037532205
"1122","Michigan",2012,9.47009266644015
"1123","Minnesota",2012,23.7401365094868
"1124","Missouri",2012,20.7465228266754
"1125","Mississippi",2012,7.52864183483898
"1126","Montana",2012,15.7774068319395
"1127","North Carolina",2012,10.4773302454881
"1128","North Dakota",2012,15.0967174944842
"1129","Nebraska",2012,32.5097187737743
"1130","New Hampshire",2012,0.216027450827427
"1131","New Jersey",2012,0.403476254579026
"1132","New Mexico",2012,10.7047127145409
"1133","Nevada",2012,2.32194135494593
"1134","New York",2012,9.80906532781694
"1135","Ohio",2012,11.4017248678674
"1136","Oklahoma",2012,17.1801538138956
"1137","Oregon",2012,7.30641701917693
"1138","Pennsylvania",2012,8.73931386934962
"1139","Rhode Island",2012,0.0410787863820973
"1140","South Carolina",2012,2.30907030997989
"1141","South Dakota",2012,20.9404654861043
"1142","Tennessee",2012,7.53102020875108
"1143","Texas",2012,56.0484813648924
"1144","Utah",2012,4.76944682526061
"1145","Virginia",2012,5.81354347403114
"1146","Vermont",2012,1.47499603910619
"1147","Washington",2012,7.95746577500985
"1148","Wisconsin",2012,19.5814564206496
"1149","West Virginia",2012,1.39830944187601
"1150","Wyoming",2012,8.09538764008593
"1151","Alaska",2013,0.0441880919373343
"1152","Alabama",2013,5.313971565151
"1153","Arkansas",2013,15.8120018776135
"1154","Arizona",2013,7.79886407959562
"1155","California",2013,36.8999326291964
"1156","Colorado",2013,15.1096871443379
"1157","Connecticut",2013,0.32082318038974
"1158","Delaware",2013,0.37789262629654
"1159","Florida",2013,9.31705593487995
"1160","Georgia",2013,5.87926479805011
"1161","Hawaii",2013,0.376315636917323
"1162","Iowa",2013,36.9247787439766
"1163","Idaho",2013,13.766314953141
"1164","Illinois",2013,23.7817033150368
"1165","Indiana",2013,14.9924306310754
"1166","Kansas",2013,36.876459829279
"1167","Kentucky",2013,9.59481323563401
"1168","Louisiana",2013,9.66500422314354
"1169","Massachusetts",2013,0.29010787579744
"1170","Maryland",2013,1.51034809547972
"1171","Maine",2013,0.566932040884637
"1172","Michigan",2013,10.5464665760403
"1173","Minnesota",2013,25.7207977394457
"1174","Missouri",2013,22.7531724763532
"1175","Mississippi",2013,7.68384455289362
"1176","Montana",2013,18.8708577505822
"1177","North Carolina",2013,10.3414087744001
"1178","North Dakota",2013,20.4241351969039
"1179","Nebraska",2013,35.410419549191
"1180","New Hampshire",2013,0.213770836598448
"1181","New Jersey",2013,0.409942663361548
"1182","New Mexico",2013,11.6014676679955
"1183","Nevada",2013,2.4374530298474
"1184","New York",2013,9.44811637825228
"1185","Ohio",2013,13.1584304223168
"1186","Oklahoma",2013,18.9686989199482
"1187","Oregon",2013,7.32683340103568
"1188","Pennsylvania",2013,8.74402536639325
"1189","Rhode Island",2013,0.0394140040662257
"1190","South Carolina",2013,2.2767443908145
"1191","South Dakota",2013,25.016964829385
"1192","Tennessee",2013,7.81226114138399
"1193","Texas",2013,57.0867975540527
"1194","Utah",2013,4.91235881984296
"1195","Virginia",2013,5.96040967868656
"1196","Vermont",2013,1.53602020548725
"1197","Washington",2013,8.01297899121913
"1198","Wisconsin",2013,20.2331600035597
"1199","West Virginia",2013,1.47646139243616
"1200","Wyoming",2013,8.98986155129221
"1201","Alaska",2014,0.0401529576975001
"1202","Alabama",2014,5.12352776122735
"1203","Arkansas",2014,16.938356660023
"1204","Arizona",2014,7.76031503408255
"1205","California",2014,37.451072383068
"1206","Colorado",2014,14.9797820430981
"1207","Connecticut",2014,0.306332029138275
"1208","Delaware",2014,0.397677259921629
"1209","Florida",2014,9.16344064100999
"1210","Georgia",2014,5.76110750773388
"1211","Hawaii",2014,0.367049751528632
"1212","Iowa",2014,42.1841550340706
"1213","Idaho",2014,13.33992014106
"1214","Illinois",2014,25.3166968608135
"1215","Indiana",2014,14.3662432774467
"1216","Kansas",2014,33.6762068047092
"1217","Kentucky",2014,9.37913121030842
"1218","Louisiana",2014,8.9804265583978
"1219","Massachusetts",2014,0.278212757716086
"1220","Maryland",2014,1.5535787197782
"1221","Maine",2014,0.519240886501474
"1222","Michigan",2014,10.5039560869939
"1223","Minnesota",2014,26.6881567610036
"1224","Missouri",2014,23.4444853510645
"1225","Mississippi",2014,7.22976495700971
"1226","Montana",2014,20.2572067904205
"1227","North Carolina",2014,9.89163978311634
"1228","North Dakota",2014,19.867015817557
"1229","Nebraska",2014,34.3195272256902
"1230","New Hampshire",2014,0.204550880910966
"1231","New Jersey",2014,0.381425663690549
"1232","New Mexico",2014,10.9553000258882
"1233","Nevada",2014,2.50121009577262
"1234","New York",2014,9.39223231040079
"1235","Ohio",2014,12.0784285714849
"1236","Oklahoma",2014,18.1926471704944
"1237","Oregon",2014,7.1747062212429
"1238","Pennsylvania",2014,9.04412345727799
"1239","Rhode Island",2014,0.0384412424390621
"1240","South Carolina",2014,2.20595409550612
"1241","South Dakota",2014,25.4749863153464
"1242","Tennessee",2014,8.37239107902159
"1243","Texas",2014,55.2823483877002
"1244","Utah",2014,4.90926025547237
"1245","Virginia",2014,5.75102048359029
"1246","Vermont",2014,1.53392435163328
"1247","Washington",2014,9.06654973677295
"1248","Wisconsin",2014,21.3452212040304
"1249","West Virginia",2014,1.40732160974839
"1250","Wyoming",2014,9.44812626776314
"1251","Alaska",2015,0.0411772369186241
"1252","Alabama",2015,5.10824893807509
"1253","Arkansas",2015,17.344757376864
"1254","Arizona",2015,8.07769375803032
"1255","California",2015,36.9629390232041
"1256","Colorado",2015,14.8653581335261
"1257","Connecticut",2015,0.31669689112678
"1258","Delaware",2015,0.42963776491905
"1259","Florida",2015,9.07080988732941
"1260","Georgia",2015,5.98259350159323
"1261","Hawaii",2015,0.365099123870151
"1262","Iowa",2015,39.3746097169713
"1263","Idaho",2015,13.4602719207421
"1264","Illinois",2015,24.1446881440241
"1265","Indiana",2015,14.3412880093932
"1266","Kansas",2015,34.7648327022909
"1267","Kentucky",2015,9.89871151128143
"1268","Louisiana",2015,9.97697534116379
"1269","Massachusetts",2015,0.284114144164748
"1270","Maryland",2015,1.47259483249177
"1271","Maine",2015,0.532468259216669
"1272","Michigan",2015,10.3443091019251
"1273","Minnesota",2015,26.911507624986
"1274","Missouri",2015,23.283451578882
"1275","Mississippi",2015,7.95570723156354
"1276","Montana",2015,18.6855764399271
"1277","North Carolina",2015,10.6441992020581
"1278","North Dakota",2015,19.152158531207
"1279","Nebraska",2015,35.096816073564
"1280","New Hampshire",2015,0.209021036471239
"1281","New Jersey",2015,0.387946876244172
"1282","New Mexico",2015,11.3644858751989
"1283","Nevada",2015,2.59190899350976
"1284","New York",2015,9.78844179817794
"1285","Ohio",2015,13.3427000646759
"1286","Oklahoma",2015,19.0405363971913
"1287","Oregon",2015,6.7891696955486
"1288","Pennsylvania",2015,8.95869012530547
"1289","Rhode Island",2015,0.0410595611694554
"1290","South Carolina",2015,2.2589974997684
"1291","South Dakota",2015,24.6936367333829
"1292","Tennessee",2015,7.24219361085526
"1293","Texas",2015,58.2990257715111
"1294","Utah",2015,4.88696862671415
"1295","Virginia",2015,5.90628327782887
"1296","Vermont",2015,1.58779832825074
"1297","Washington",2015,8.17806152597537
"1298","Wisconsin",2015,21.5290140176039
"1299","West Virginia",2015,1.38194309308983
"1300","Wyoming",2015,8.759907285084
"1301","Alaska",2016,0.0410587137281449
"1302","Alabama",2016,5.00218878852806
"1303","Arkansas",2016,18.1425200246609
"1304","Arizona",2016,7.7440893015457
"1305","California",2016,36.379514000724
"1306","Colorado",2016,15.1265169600022
"1307","Connecticut",2016,0.348331765429455
"1308","Delaware",2016,0.444010895755287
"1309","Florida",2016,8.78245138023776
"1310","Georgia",2016,6.0295712563067
"1311","Hawaii",2016,0.38211071753133
"1312","Iowa",2016,38.4849106970503
"1313","Idaho",2016,14.0833794386158
"1314","Illinois",2016,23.0000962956289
"1315","Indiana",2016,14.2228338401209
"1316","Kansas",2016,35.3299839408067
"1317","Kentucky",2016,9.34754793102099
"1318","Louisiana",2016,9.47236003252833
"1319","Massachusetts",2016,0.262536041254832
"1320","Maryland",2016,1.48610341169749
"1321","Maine",2016,0.551435303045373
"1322","Michigan",2016,10.8906589441682
"1323","Minnesota",2016,26.4162645592623
"1324","Missouri",2016,21.8856328181063
"1325","Mississippi",2016,7.62195634284698
"1326","Montana",2016,18.8890240612382
"1327","North Carolina",2016,10.7215068160606
"1328","North Dakota",2016,19.8881354986977
"1329","Nebraska",2016,36.0119251393197
"1330","New Hampshire",2016,0.216540603422917
"1331","New Jersey",2016,0.408305889691717
"1332","New Mexico",2016,10.6588979215912
"1333","Nevada",2016,2.43419470074315
"1334","New York",2016,9.99361645054856
"1335","Ohio",2016,12.6162592713405
"1336","Oklahoma",2016,18.6186423529717
"1337","Oregon",2016,6.68295120250052
"1338","Pennsylvania",2016,9.1230513490602
"1339","Rhode Island",2016,0.0376562404877022
"1340","South Carolina",2016,2.27414771591891
"1341","South Dakota",2016,23.7633878241987
"1342","Tennessee",2016,7.4818764147933
"1343","Texas",2016,57.2302081450919
"1344","Utah",2016,4.82059937439852
"1345","Virginia",2016,5.63854389131321
"1346","Vermont",2016,1.60955966488763
"1347","Washington",2016,7.93797432946981
"1348","Wisconsin",2016,21.8199308865186
"1349","West Virginia",2016,1.44678130356816
"1350","Wyoming",2016,8.32052126808022
"1351","Alaska",2017,0.0440230527058917
"1352","Alabama",2017,5.40996767866396
"1353","Arkansas",2017,15.6580790676936
"1354","Arizona",2017,7.75357081025762
"1355","California",2017,35.7581913264107
"1356","Colorado",2017,15.5796324887714
"1357","Connecticut",2017,0.354032259044037
"1358","Delaware",2017,0.398913216324007
"1359","Florida",2017,8.6920631571832
"1360","Georgia",2017,5.97539036055987
"1361","Hawaii",2017,0.389949040052219
"1362","Iowa",2017,38.0207811789127
"1363","Idaho",2017,14.1770889696667
"1364","Illinois",2017,23.1219002373685
"1365","Indiana",2017,14.8766694495396
"1366","Kansas",2017,36.9160082764377
"1367","Kentucky",2017,9.55068701484247
"1368","Louisiana",2017,9.2284122946517
"1369","Massachusetts",2017,0.277594987682932
"1370","Maryland",2017,1.60936061425473
"1371","Maine",2017,0.54333974010643
"1372","Michigan",2017,11.2079726331184
"1373","Minnesota",2017,25.7122667518761
"1374","Missouri",2017,23.8477894165773
"1375","Mississippi",2017,7.07098795253317
"1376","Montana",2017,19.9746092477772
"1377","North Carolina",2017,10.972744523474
"1378","North Dakota",2017,18.334619799539
"1379","Nebraska",2017,35.8281528054364
"1380","New Hampshire",2017,0.218476463994448
"1381","New Jersey",2017,0.381365535900958
"1382","New Mexico",2017,11.4323113165828
"1383","Nevada",2017,2.46710249425413
"1384","New York",2017,10.1990136427113
"1385","Ohio",2017,12.8661555968346
"1386","Oklahoma",2017,19.917625871145
"1387","Oregon",2017,7.11272738869495
"1388","Pennsylvania",2017,9.26888935240057
"1389","Rhode Island",2017,0.0373404678383911
"1390","South Carolina",2017,2.2207937151189
"1391","South Dakota",2017,26.6729704843867
"1392","Tennessee",2017,7.73331765707567
"1393","Texas",2017,58.8404255048267
"1394","Utah",2017,4.69337403707733
"1395","Virginia",2017,5.60028208727879
"1396","Vermont",2017,1.61656845660393
"1397","Washington",2017,8.00922681135533
"1398","Wisconsin",2017,21.5034540300422
"1399","West Virginia",2017,1.40466725136639
"1400","Wyoming",2017,9.1233208527954
"1401","Alaska",2018,0.0487509737837947
"1402","Alabama",2018,5.3798095060829
"1403","Arkansas",2018,18.274904042781
"1404","Arizona",2018,8.01913627733747
"1405","California",2018,35.3708773036775
"1406","Colorado",2018,15.2174122941623
"1407","Connecticut",2018,0.354560225515095
"1408","Delaware",2018,0.483661383495776
"1409","Florida",2018,8.9199081760161
"1410","Georgia",2018,6.03574128986075
"1411","Hawaii",2018,0.392057724319607
"1412","Iowa",2018,43.3737792310765
"1413","Idaho",2018,14.6692409597798
"1414","Illinois",2018,25.862225651308
"1415","Indiana",2018,15.1837614451074
"1416","Kansas",2018,34.2387436788017
"1417","Kentucky",2018,10.1497535346764
"1418","Louisiana",2018,10.1612130229173
"1419","Massachusetts",2018,0.266968585354175
"1420","Maryland",2018,1.73512739572582
"1421","Maine",2018,0.557471502204303
"1422","Michigan",2018,10.9714540376643
"1423","Minnesota",2018,28.4315970479958
"1424","Missouri",2018,24.8214979801074
"1425","Mississippi",2018,7.36262940110624
"1426","Montana",2018,20.1160126944242
"1427","North Carolina",2018,10.8865067592438
"1428","North Dakota",2018,21.7459158957773
"1429","Nebraska",2018,37.6150416023041
"1430","New Hampshire",2018,0.216249096384639
"1431","New Jersey",2018,0.420967377341213
"1432","New Mexico",2018,11.151580595458
"1433","Nevada",2018,2.46437785977761
"1434","New York",2018,10.1544813914755
"1435","Ohio",2018,13.4894335548065
"1436","Oklahoma",2018,19.8203472973953
"1437","Oregon",2018,7.07928410819664
"1438","Pennsylvania",2018,9.61218608508007
"1439","Rhode Island",2018,0.0370112879165223
"1440","South Carolina",2018,2.34520812044365
"1441","South Dakota",2018,27.9542745126721
"1442","Tennessee",2018,7.9871204789559
"1443","Texas",2018,60.6878181657131
"1444","Utah",2018,4.62509414473072
"1445","Virginia",2018,5.96459094249306
"1446","Vermont",2018,1.60788109518093
"1447","Washington",2018,8.56383803030013
"1448","Wisconsin",2018,22.5727947793765
"1449","West Virginia",2018,1.49075003809519
"1450","Wyoming",2018,8.76032828067275
"1451","Alaska",2019,0.0529849488607155
"1452","Alabama",2019,5.18538562843688
"1453","Arkansas",2019,15.9945991685503
"1454","Arizona",2019,7.8861940913769
"1455","California",2019,34.8971735333914
"1456","Colorado",2019,16.0909750149949
"1457","Connecticut",2019,0.331749849817788
"1458","Delaware",2019,0.417299670530152
"1459","Florida",2019,8.53738135921197
"1460","Georgia",2019,5.80232703265942
"1461","Hawaii",2019,0.380657630796297
"1462","Iowa",2019,39.5224868450614
"1463","Idaho",2019,14.3290441501168
"1464","Illinois",2019,22.4435394610777
"1465","Indiana",2019,14.8350159099941
"1466","Kansas",2019,36.5532857091
"1467","Kentucky",2019,9.27674871229025
"1468","Louisiana",2019,9.4014877005139
"1469","Massachusetts",2019,0.257302383994634
"1470","Maryland",2019,1.4961150217375
"1471","Maine",2019,0.546243263645777
"1472","Michigan",2019,10.6954144283535
"1473","Minnesota",2019,25.9250078473195
"1474","Missouri",2019,23.1908059541626
"1475","Mississippi",2019,6.97937728079934
"1476","Montana",2019,21.8815785183328
"1477","North Carolina",2019,11.0400132110227
"1478","North Dakota",2019,20.5487389081305
"1479","Nebraska",2019,36.591820617997
"1480","New Hampshire",2019,0.202814310552268
"1481","New Jersey",2019,0.399813941756437
"1482","New Mexico",2019,10.9135276439074
"1483","Nevada",2019,2.57751720132499
"1484","New York",2019,9.98050486867738
"1485","Ohio",2019,12.7177047153992
"1486","Oklahoma",2019,20.1589668279041
"1487","Oregon",2019,7.02770654568215
"1488","Pennsylvania",2019,9.14148859310275
"1489","Rhode Island",2019,0.035198135583959
"1490","South Carolina",2019,2.2106907736135
"1491","South Dakota",2019,26.017635258115
"1492","Tennessee",2019,7.48906505877083
"1493","Texas",2019,58.5452819242069
"1494","Utah",2019,4.85196982852049
"1495","Virginia",2019,5.43635290302762
"1496","Vermont",2019,1.57030951055776
"1497","Washington",2019,8.82866601646572
"1498","Wisconsin",2019,21.4758888554637
"1499","West Virginia",2019,1.37359576368975
"1500","Wyoming",2019,9.24889347094466
"1501","Alaska",2020,0.0589458833086204
"1502","Alabama",2020,5.30215937152627
"1503","Arkansas",2020,16.5971681950092
"1504","Arizona",2020,7.17606964402316
"1505","California",2020,35.0276465523762
"1506","Colorado",2020,15.4513427174199
"1507","Connecticut",2020,0.373675026297339
"1508","Delaware",2020,0.401805251832153
"1509","Florida",2020,8.55124080661313
"1510","Georgia",2020,6.02481502565139
"1511","Hawaii",2020,0.373855032749306
"1512","Iowa",2020,37.6018404033959
"1513","Idaho",2020,15.0440197437676
"1514","Illinois",2020,21.675741445138
"1515","Indiana",2020,13.3950520914771
"1516","Kansas",2020,34.4495576637874
"1517","Kentucky",2020,9.1263959932071
"1518","Louisiana",2020,10.0205107125237
"1519","Massachusetts",2020,0.246418199555052
"1520","Maryland",2020,1.47224961267849
"1521","Maine",2020,0.545497272508338
"1522","Michigan",2020,10.5349265795368
"1523","Minnesota",2020,24.8352879235914
"1524","Missouri",2020,22.1433739738189
"1525","Mississippi",2020,6.92480233886747
"1526","Montana",2020,18.1668623696357
"1527","North Carolina",2020,11.0251400707391
"1528","North Dakota",2020,18.6297350525354
"1529","Nebraska",2020,33.8624491931083
"1530","New Hampshire",2020,0.190752204312334
"1531","New Jersey",2020,0.372325861216614
"1532","New Mexico",2020,10.4051384915641
"1533","Nevada",2020,2.38584827894606
"1534","New York",2020,9.97426632255893
"1535","Ohio",2020,12.1179733562448
"1536","Oklahoma",2020,18.7945582559725
"1537","Oregon",2020,7.034902739063
"1538","Pennsylvania",2020,8.80807217873185
"1539","Rhode Island",2020,0.0327895324293227
"1540","South Carolina",2020,2.33609717139376
"1541","South Dakota",2020,25.5258275793649
"1542","Tennessee",2020,7.35819678673545
"1543","Texas",2020,59.194761092393
"1544","Utah",2020,4.67341488815092
"1545","Virginia",2020,5.50434804122783
"1546","Vermont",2020,1.54705888473481
"1547","Washington",2020,8.84735212778397
"1548","Wisconsin",2020,21.0273034470036
"1549","West Virginia",2020,1.39427201356546
"1550","Wyoming",2020,8.30821092734855
"1551","Alaska",2021,0.0583495945816833
"1552","Alabama",2021,5.14547872333451
"1553","Arkansas",2021,16.6530400993953
"1554","Arizona",2021,7.39699780794743
"1555","California",2021,33.8273528512953
"1556","Colorado",2021,15.2953606741083
"1557","Connecticut",2021,0.333807003999513
"1558","Delaware",2021,0.402212355482002
"1559","Florida",2021,8.54777178947659
"1560","Georgia",2021,5.79506444844451
"1561","Hawaii",2021,0.379417672417915
"1562","Iowa",2021,38.6707996219413
"1563","Idaho",2021,14.917639751822
"1564","Illinois",2021,22.1404304635679
"1565","Indiana",2021,14.3122078566729
"1566","Kansas",2021,34.7713233220206
"1567","Kentucky",2021,9.19092761826032
"1568","Louisiana",2021,9.75297704762155
"1569","Massachusetts",2021,0.271066921888693
"1570","Maryland",2021,1.47808859391511
"1571","Maine",2021,0.525202822500794
"1572","Michigan",2021,10.6952597566635
"1573","Minnesota",2021,25.3843290974747
"1574","Missouri",2021,22.2837851107217
"1575","Mississippi",2021,6.80424111789261
"1576","Montana",2021,19.1244209300435
"1577","North Carolina",2021,10.2099649584489
"1578","North Dakota",2021,19.3475483582906
"1579","Nebraska",2021,35.061586556805
"1580","New Hampshire",2021,0.192079373094528
"1581","New Jersey",2021,0.373777096264815
"1582","New Mexico",2021,10.5257811231062
"1583","Nevada",2021,2.43497113527074
"1584","New York",2021,9.95780166718026
"1585","Ohio",2021,12.3336903798382
"1586","Oklahoma",2021,19.4335429976105
"1587","Oregon",2021,6.90940421109993
"1588","Pennsylvania",2021,8.53213218693043
"1589","Rhode Island",2021,0.0318348662330961
"1590","South Carolina",2021,2.12910397751365
"1591","South Dakota",2021,25.9936942060656
"1592","Tennessee",2021,7.37679457520288
"1593","Texas",2021,59.7652963685109
"1594","Utah",2021,4.67584576328451
"1595","Virginia",2021,5.28599009459369
"1596","Vermont",2021,1.51758911562006
"1597","Washington",2021,8.54087550913069
"1598","Wisconsin",2021,21.3205332053339
"1599","West Virginia",2021,1.34846888682399
"1600","Wyoming",2021,8.57012085862156
"1601","Alaska",2022,0.0602810586067241
"1602","Alabama",2022,5.03577424497646
"1603","Arkansas",2022,16.5919786816218
"1604","Arizona",2022,7.25459033383628
"1605","California",2022,33.4664418420751
"1606","Colorado",2022,15.04293214993
"1607","Connecticut",2022,0.331879264875749
"1608","Delaware",2022,0.390463482082607
"1609","Florida",2022,8.36958970939962
"1610","Georgia",2022,5.69335164217627
"1611","Hawaii",2022,0.386849973775724
"1612","Iowa",2022,37.7941395241285
"1613","Idaho",2022,15.0830038151166
"1614","Illinois",2022,21.6322947541471
"1615","Indiana",2022,14.1725519382867
"1616","Kansas",2022,34.1000838507119
"1617","Kentucky",2022,9.05497985756333
"1618","Louisiana",2022,9.74597315028015
"1619","Massachusetts",2022,0.276014076816336
"1620","Maryland",2022,1.43363742306598
"1621","Maine",2022,0.511499788844888
"1622","Michigan",2022,10.3923378460454
"1623","Minnesota",2022,24.8303931644619
"1624","Missouri",2022,21.5273247243746
"1625","Mississippi",2022,6.66242497789612
"1626","Montana",2022,18.4162292383063
"1627","North Carolina",2022,10.0706075002935
"1628","North Dakota",2022,18.800735686922
"1629","Nebraska",2022,34.5501341923733
"1630","New Hampshire",2022,0.188022957744329
"1631","New Jersey",2022,0.364017726868339
"1632","New Mexico",2022,10.0099402647392
"1633","Nevada",2022,2.39728712460094
"1634","New York",2022,9.85667896652588
"1635","Ohio",2022,12.0946584566431
"1636","Oklahoma",2022,19.0993653791954
"1637","Oregon",2022,6.83783567084605
"1638","Pennsylvania",2022,8.19380872516425
"1639","Rhode Island",2022,0.0316246556468847
"1640","South Carolina",2022,2.05403976146115
"1641","South Dakota",2022,25.3207680373358
"1642","Tennessee",2022,7.17806193182326
"1643","Texas",2022,58.689557349844
"1644","Utah",2022,4.56320874135759
"1645","Virginia",2022,5.2856659646177
"1646","Vermont",2022,1.51275882256978
"1647","Washington",2022,8.34815676020695
"1648","Wisconsin",2022,21.1701243808027
"1649","West Virginia",2022,1.32585761782732
"1650","Wyoming",2022,8.40649267439213
